{    
    "gaps" : {
        "min": 1, 
        "max": 98406, 
        "mean": 7219.801568598668, 
        "median": 5010.5, 
        "std": 7194.4665428987655,
        "1800_ratio" : 0.9143817927285487
    }
}
