{    
    "gaps" : {
        "count": {
            "mean": 4582.92,
            "std": 8.30207610314638,
            "distribution": "normal"
        },
        "gap": {
            "mean": 7219.801568598668, 
            "distribution": "exponential"
        },
        "min": 1, 
        "max": 98406, 
        "median": 5010.5, 
        "1800_ratio" : 0.9143817927285487
    },
    "noise": {
        "static": {
            "mean": {
                "mean": 0,
                "std": 1.5,
                "distribution": "normal"
            },
            "std": {
                "const": 0.01,
                "distribution": "const"
            },
            "distribution": "normal"
        },
        "dynamic": {
            "amplitude_mean": {
                "mean": 8.987444469199524e-12,
                "std": 1.0410934336846367e-08,
                "distribution": "normal"
            },
            "amplitude_std": {
                "shape": 1.8148094415664673,
                "scale": 0.12331361174583434,
                "offset": 0.9844940066337585,
                "distribution": "gamma"
            },
            "random_walk": {
                "shape": 1.375658577682149,
                "scale": 0.01836719754640727,
                "distribution": "gamma"
            }
        }
    },
    "timestamps": {
        "start_mean": 1238173010.78,
        "start_min": 1238166085,
        "start_distribution": "exponential"
    },
    "frequencies": {
        "mean": 100,
        "std": 10,
        "distribution": "normal"
    }
}
